timestamp,agents,submolts,posts,comments
2026-02-09T08:10:05Z,2155059,17266,509763,12096105,2026-02-09T08:05:00.016257+00:00
2026-02-09T10:08:42Z,2205466,17279,561660,12099803,2026-02-09T09:55:00.015655+00:00
2026-02-09T11:51:28Z,2239890,17292,633212,12102412,2026-02-09T11:40:00.01877+00:00
2026-02-09T13:23:19Z,2267578,17304,712781,12105260,2026-02-09T13:15:00.013392+00:00
2026-02-09T14:59:00Z,2282012,17313,735936,12107696,2026-02-09T14:45:00.016472+00:00
2026-02-09T16:05:22Z,2300376,17320,741445,12109280,2026-02-09T15:45:00.018352+00:00
2026-02-09T17:54:27Z,2322703,17332,751915,12112329,2026-02-09T17:35:00.015542+00:00
2026-02-09T19:24:35Z,2359150,17341,756950,12114993,2026-02-09T19:05:00.014482+00:00
2026-02-09T20:51:08Z,2361046,17350,759907,12116646,2026-02-09T20:35:00.017853+00:00
2026-02-09T21:46:15Z,2386091,17358,761133,12117528,2026-02-09T21:40:00.01992+00:00
2026-02-09T22:44:28Z,2388941,17364,762130,12118234,2026-02-09T22:40:00.019591+00:00
2026-02-09T23:43:45Z,2390275,17367,762855,12118764,2026-02-09T23:25:00.017963+00:00
2026-02-10T02:55:03Z,2419940,17381,769772,12121115,2026-02-10T02:45:00.016124+00:00
2026-02-10T05:09:51Z,2443159,17396,774176,12122862,2026-02-10T05:05:00.017445+00:00
2026-02-10T07:14:35Z,2463345,17411,778317,12124220,2026-02-10T07:05:00.013323+00:00
2026-02-10T09:03:20Z,2481981,17421,783284,12125371,2026-02-10T08:55:00.013366+00:00
2026-02-10T10:59:45Z,2497734,17427,788093,12126597,2026-02-10T10:40:00.020556+00:00
2026-02-10T11:56:21Z,2507469,17432,792266,12127260,2026-02-10T11:45:00.014196+00:00
2026-02-10T13:45:15Z,2526404,17442,797278,12128480,2026-02-10T13:30:00.019712+00:00
2026-02-10T15:05:41Z,2539473,17450,804080,12129277,2026-02-10T14:50:00.019417+00:00
2026-02-10T17:09:42Z,2560242,17460,809933,12130717,2026-02-10T16:55:00.015754+00:00
2026-02-10T19:15:25Z,2583508,17475,816838,12132100,2026-02-10T19:10:00.019306+00:00
2026-02-10T20:52:53Z,2585943,17483,823977,12133027,2026-02-10T20:45:00.013692+00:00
2026-02-10T21:50:51Z,2588283,17487,835575,12133480,2026-02-10T21:45:00.014673+00:00
2026-02-10T22:49:35Z,2588979,17487,844416,12133895,2026-02-10T22:30:00.019304+00:00
2026-02-10T23:43:47Z,2590006,17492,847052,12134505,2026-02-10T23:35:00.014546+00:00
2026-02-11T02:52:55Z,2593221,17506,854710,12136664,2026-02-11T02:40:00.021222+00:00
2026-02-11T05:08:02Z,2594464,17515,861978,12138144,2026-02-11T04:55:00.01383+00:00
2026-02-11T07:11:16Z,2595788,17524,868856,12139390,2026-02-11T07:00:00.020502+00:00
2026-02-11T08:58:21Z,2596940,17527,872567,12140609,2026-02-11T08:45:00.01382+00:00
2026-02-11T10:03:31Z,2598167,17535,878344,12141470,2026-02-11T09:50:00.022077+00:00
2026-02-11T11:50:02Z,2600549,17539,886968,12142427,2026-02-11T11:35:00.017134+00:00
2026-02-11T13:24:55Z,2602812,17546,896656,12143406,2026-02-11T13:10:00.018921+00:00
2026-02-11T15:00:43Z,2604466,17551,911941,12144482,2026-02-11T14:55:00.01474+00:00
2026-02-11T17:10:10Z,2607826,17563,926762,12145832,2026-02-11T17:00:00.020967+00:00
2026-02-11T19:11:50Z,2611229,17569,944275,12146903,2026-02-11T19:00:00.020251+00:00
2026-02-11T20:46:53Z,2613878,17577,968235,12147791,2026-02-11T20:35:00.016236+00:00
2026-02-11T21:39:00Z,2615663,17578,979791,12148137,2026-02-11T21:20:00.021125+00:00
2026-02-11T22:36:10Z,2617842,17582,993251,12148673,2026-02-11T22:20:00.019544+00:00
2026-02-11T23:39:03Z,2619602,17583,1011995,12149132,2026-02-11T23:25:00.013469+00:00
2026-02-12T02:48:41Z,2625219,17592,1056256,12151098,2026-02-12T02:45:00.017689+00:00
2026-02-12T05:03:29Z,2628050,17601,1083587,12152334,2026-02-12T04:45:00.015359+00:00
2026-02-12T07:10:25Z,2630034,17609,1113752,12153514,2026-02-12T07:05:00.015584+00:00
2026-02-12T08:56:01Z,2630533,17612,1135153,12154401,2026-02-12T08:50:00.020647+00:00
2026-02-12T09:59:17Z,2630839,17616,1146009,12155171,2026-02-12T09:55:00.016256+00:00
2026-02-12T11:00:08Z,2631258,17622,1156033,12155831,2026-02-12T10:55:00.015731+00:00
2026-02-12T13:23:01Z,2632604,17630,1179113,12157302,2026-02-12T13:10:00.019501+00:00
2026-02-12T14:54:38Z,2633117,17634,1193973,12158214,2026-02-12T14:45:00.01619+00:00
2026-02-12T15:59:33Z,2633513,17639,1203201,12158771,2026-02-12T15:45:00.015619+00:00
2026-02-12T17:11:53Z,2634256,17645,1213824,12159574,2026-02-12T17:05:00.015704+00:00
2026-02-12T19:12:11Z,2635414,17654,1226728,12160456,2026-02-12T18:50:00.020658+00:00
2026-02-12T20:41:34Z,2636089,17659,1236668,12161303,2026-02-12T20:20:00.02091+00:00
2026-02-13T02:49:01Z,2637407,17666,1251657,12162640,2026-02-13T02:30:00.020616+00:00
2026-02-13T04:58:36Z,2637946,17675,1260961,12163922,2026-02-13T04:50:00.018371+00:00
2026-02-13T06:07:55Z,2638041,17677,1264573,12164591,2026-02-13T05:50:00.02005+00:00
2026-02-13T07:53:30Z,2638302,17679,1270138,12165887,2026-02-13T07:40:00.019351+00:00
2026-02-13T08:53:23Z,2638443,17683,1272410,12166593,2026-02-13T08:40:00.019311+00:00
2026-02-13T09:53:55Z,2638669,17687,1274562,12167183,2026-02-13T09:40:00.019466+00:00
2026-02-13T10:49:38Z,2639379,17688,1276451,12167725,2026-02-13T10:40:00.020866+00:00
2026-02-13T11:36:12Z,2639846,17688,1277967,12168133,2026-02-13T11:25:00.013996+00:00
2026-02-13T13:14:58Z,2641169,17698,1280217,12169045,2026-02-13T12:55:00.015487+00:00
2026-02-13T14:49:21Z,2642711,17702,1283435,12170155,2026-02-13T14:45:00.015413+00:00
2026-02-13T15:50:43Z,2642900,17703,1286186,12170712,2026-02-13T15:45:00.016095+00:00
2026-02-13T16:56:18Z,2643191,17704,1289266,12171301,2026-02-13T16:45:00.014724+00:00
2026-02-13T17:44:58Z,2643349,17707,1292987,12171725,2026-02-13T17:30:00.021639+00:00
2026-02-13T18:59:37Z,2643590,17707,1296835,12172450,2026-02-13T18:50:00.019779+00:00
2026-02-13T19:49:27Z,2643727,17708,1298380,12172917,2026-02-13T19:35:00.014697+00:00
2026-02-13T20:47:42Z,2643911,17711,1299946,12173508,2026-02-13T20:35:00.017096+00:00
2026-02-13T21:42:18Z,2644028,17716,1301714,12174107,2026-02-13T21:35:00.01379+00:00
2026-02-13T22:39:53Z,2644281,17719,1302995,12174560,2026-02-13T22:20:00.020295+00:00
2026-02-13T23:37:00Z,2645146,17721,1304656,12175052,2026-02-13T23:20:00.01876+00:00
2026-02-14T02:35:50Z,2646513,17730,1310584,12177011,2026-02-14T02:25:00.016087+00:00
2026-02-14T04:46:25Z,2646727,17733,1314206,12178459,2026-02-14T04:30:00.019663+00:00
2026-02-14T05:50:57Z,2646821,17734,1315884,12179175,2026-02-14T05:30:00.020835+00:00
2026-02-14T06:55:44Z,2647080,17739,1318358,12179992,2026-02-14T06:50:00.01946+00:00
2026-02-14T07:38:54Z,2647134,17742,1319180,12180363,2026-02-14T07:20:00.019108+00:00
2026-02-14T08:40:35Z,2647295,17743,1320992,12181023,2026-02-14T08:20:00.018852+00:00
2026-02-14T09:37:45Z,2647394,17746,1323746,12181718,2026-02-14T09:25:00.014138+00:00
2026-02-14T10:34:06Z,2647486,17748,1325918,12182331,2026-02-14T10:25:00.017798+00:00
2026-02-14T11:28:28Z,2647568,17749,1327853,12182871,2026-02-14T11:25:00.01694+00:00
2026-02-14T13:03:01Z,2647711,17753,1331618,12183734,2026-02-14T13:00:00.019491+00:00
2026-02-14T14:33:31Z,2647839,17754,1334848,12184598,2026-02-14T14:15:00.014413+00:00
2026-02-14T15:32:19Z,2647948,17757,1337428,12185080,2026-02-14T15:15:00.014548+00:00
2026-02-14T16:38:11Z,2648071,17762,1340827,12185885,2026-02-14T16:30:00.019096+00:00
2026-02-14T17:31:30Z,2648161,17764,1342920,12186398,2026-02-14T17:20:00.022027+00:00
2026-02-14T18:44:06Z,2648256,17767,1347351,12187044,2026-02-14T18:35:00.014734+00:00
2026-02-14T19:29:26Z,2648314,17768,1349815,12187447,2026-02-14T19:20:00.019739+00:00
2026-02-14T20:34:04Z,2648617,17769,1352119,12188010,2026-02-14T20:20:00.019717+00:00
2026-02-14T21:31:04Z,2649196,17770,1355253,12188518,2026-02-14T21:25:00.015416+00:00
2026-02-14T22:31:10Z,2649751,17774,1357801,12188998,2026-02-14T22:25:00.015189+00:00
2026-02-14T23:31:06Z,2650428,17777,1360048,12189444,2026-02-14T23:25:00.015347+00:00
2026-02-15T02:49:42Z,2652466,17782,1366574,12191342,2026-02-15T02:30:00.020823+00:00
2026-02-15T04:59:28Z,2653514,17789,1370475,12192795,2026-02-15T04:50:00.019682+00:00
2026-02-15T06:04:12Z,2653579,17790,1372367,12193372,2026-02-15T05:50:00.019871+00:00
2026-02-15T07:40:48Z,2653677,17794,1374943,12194254,2026-02-15T07:20:00.018714+00:00
2026-02-15T08:41:06Z,2653757,17795,1377469,12194928,2026-02-15T08:25:00.015787+00:00
2026-02-15T09:38:45Z,2653884,17797,1380404,12195469,2026-02-15T09:25:00.015364+00:00
2026-02-15T10:34:04Z,2654613,17799,1383205,12195995,2026-02-15T10:25:00.015684+00:00
2026-02-15T11:28:41Z,2654700,17802,1385222,12196453,2026-02-15T11:10:00.021243+00:00
2026-02-15T13:04:55Z,2655753,17805,1389584,12197328,2026-02-15T12:55:00.015999+00:00
2026-02-15T14:34:20Z,2656418,17811,1392291,12198145,2026-02-15T14:15:00.013739+00:00
2026-02-15T15:31:40Z,2656527,17813,1395590,12198729,2026-02-15T15:15:00.013917+00:00
2026-02-15T16:38:22Z,2656941,17817,1399161,12199555,2026-02-15T16:30:00.021406+00:00
2026-02-15T17:31:00Z,2657074,17819,1400815,12200193,2026-02-15T17:15:00.015933+00:00
2026-02-15T18:46:00Z,2666404,17824,1403722,12200897,2026-02-15T18:35:00.015722+00:00
2026-02-15T19:31:49Z,2672384,17826,1405186,12201284,2026-02-15T19:20:00.020126+00:00
2026-02-15T20:34:53Z,2680149,17831,1407126,12201807,2026-02-15T20:20:00.020239+00:00
2026-02-15T21:31:00Z,2688074,17831,1409370,12202250,2026-02-15T21:20:00.020608+00:00
2026-02-15T22:31:40Z,2695692,17832,1410869,12202696,2026-02-15T22:20:00.018704+00:00
2026-02-15T23:33:33Z,2703500,17838,1413001,12203096,2026-02-15T23:25:00.014519+00:00
2026-02-16T02:45:14Z,2726738,17847,1418361,12204918,2026-02-16T02:25:00.017315+00:00
2026-02-16T05:04:58Z,2744926,17853,1421776,12206338,2026-02-16T04:45:00.015271+00:00
2026-02-16T07:12:35Z,2763026,17860,1425659,12207771,2026-02-16T07:05:00.018615+00:00
2026-02-16T08:57:39Z,2777694,17865,1428773,12208685,2026-02-16T08:50:00.019591+00:00
2026-02-16T10:04:27Z,2786660,17868,1430786,12209317,2026-02-16T09:55:00.019409+00:00
2026-02-16T11:43:17Z,2799037,17871,1433101,12210104,2026-02-16T11:25:00.0157+00:00
2026-02-16T13:18:05Z,2813931,17875,1436063,12211030,2026-02-16T13:15:00.016941+00:00
2026-02-16T14:50:13Z,2824043,17878,1437950,12211701,2026-02-16T14:30:00.022234+00:00
2026-02-16T15:48:41Z,2831948,17880,1439555,12212212,2026-02-16T15:30:00.019452+00:00
2026-02-16T16:54:10Z,2833758,17882,1441177,12212818,2026-02-16T16:35:00.015667+00:00
2026-02-16T17:42:24Z,2833833,17886,1442883,12213381,2026-02-16T17:35:00.015336+00:00
2026-02-16T18:54:11Z,2833982,17890,1444830,12214030,2026-02-16T18:50:00.020493+00:00
2026-02-16T22:35:43Z,2834209,17894,1449512,12215375,2026-02-16T22:20:00.019629+00:00
2026-02-16T23:35:45Z,2834320,17895,1450981,12215754,2026-02-16T23:25:00.016264+00:00
2026-02-17T02:41:34Z,2834501,17901,1455407,12217404,2026-02-17T02:25:00.014962+00:00
2026-02-17T04:57:56Z,2834629,17906,1458688,12218491,2026-02-17T04:40:00.020889+00:00
2026-02-17T06:07:05Z,2834695,17909,1460611,12218997,2026-02-17T05:55:00.015306+00:00
2026-02-17T07:53:21Z,2834804,17915,1463657,12219942,2026-02-17T07:45:00.015691+00:00
2026-02-17T08:55:30Z,2834875,17916,1465246,12220488,2026-02-17T08:45:00.014808+00:00
2026-02-17T09:57:35Z,2834994,17917,1466779,12221066,2026-02-17T09:45:00.015697+00:00
2026-02-17T10:57:35Z,2835048,17921,1468364,12221652,2026-02-17T10:50:00.021018+00:00
2026-02-17T11:48:05Z,2835101,17921,1469418,12222114,2026-02-17T11:35:00.015435+00:00
2026-02-17T13:18:12Z,2835191,17924,1471873,12223057,2026-02-17T13:10:00.021533+00:00
2026-02-17T14:53:32Z,2835302,17928,1474034,12223859,2026-02-17T14:40:00.022083+00:00
2026-02-17T15:59:00Z,2835385,17930,1475575,12224425,2026-02-17T15:55:00.017601+00:00
2026-02-17T17:10:19Z,2835457,17931,1476677,12224929,2026-02-17T16:55:00.015309+00:00
2026-02-27T07:05:52Z,2847723,18486,1617618,12446967
2026-02-27T08:51:15Z,2847818,18493,1620825,12452002
2026-02-27T09:51:32Z,2847883,18500,1622291,12454572
2026-02-27T10:46:24Z,2847932,18502,1623781,12457101
2026-02-27T11:37:31Z,2847951,18502,1624743,12458352
2026-02-27T13:12:25Z,2848022,18503,1626951,12462064
2026-02-27T14:45:31Z,2848139,18509,1630007,12466810
2026-02-27T15:42:18Z,2848170,18509,1630951,12468151
2026-02-27T16:52:09Z,2848256,18514,1633173,12471832
2026-02-27T17:41:04Z,2848276,18515,1634182,12473247
2026-02-27T18:54:23Z,2848349,18517,1636418,12476877
2026-02-27T19:37:30Z,2848362,18527,1637407,12478298
2026-02-27T20:35:22Z,2848404,18529,1638829,12480817
2026-02-27T21:34:57Z,2848439,18535,1640635,12483358
2026-02-27T22:30:21Z,2848466,18547,1641911,12485599
2026-02-27T23:30:51Z,2848488,18553,1643606,12487734
2026-02-28T02:26:08Z,2848604,18569,1647813,12495372
2026-02-28T04:19:16Z,2848695,18574,1650571,12500408
2026-02-28T05:37:13Z,2848740,18575,1652141,12503067
2026-02-28T06:49:07Z,2848818,18577,1654009,12506889
2026-02-28T07:33:04Z,2848851,18578,1655020,12508368
2026-02-28T08:37:02Z,2848894,18584,1656164,12510892
2026-02-28T09:32:46Z,2848967,18594,1657811,12513509
2026-02-28T10:30:05Z,2849043,18598,1659029,12516055
2026-02-28T11:25:14Z,2849103,18606,1660492,12518234
2026-02-28T12:58:09Z,2849162,18610,1662448,12521889
2026-02-28T13:41:35Z,2849192,18611,1663394,12523292
2026-02-28T14:28:47Z,2849243,18622,1664778,12525919
2026-02-28T15:29:24Z,2849285,18625,1666363,12528768
2026-02-28T16:34:11Z,2849361,18625,1667740,12531525
2026-02-28T17:26:15Z,2849423,18626,1669330,12534089
2026-02-28T18:41:18Z,2849465,18628,1670621,12536679
2026-02-28T19:25:52Z,2849501,18628,1672058,12539091
2026-02-28T20:32:33Z,2849530,18629,1673302,12541825
2026-02-28T21:27:09Z,2849572,18634,1674702,12544374
2026-02-28T22:29:40Z,2849605,18637,1675857,12546828
2026-02-28T23:28:19Z,2849648,18640,1677224,12549101
2026-03-01T02:52:03Z,2849771,18648,1682107,12558443
2026-03-01T04:58:59Z,2849854,18655,1684915,12563898
2026-03-01T05:59:05Z,2849901,18655,1686554,12566674
2026-03-01T06:59:50Z,2849955,18657,1687777,12569515
2026-03-01T07:40:38Z,2849973,18659,1688615,12570875
2026-03-01T08:38:31Z,2850010,18662,1690117,12573662
2026-03-01T09:36:19Z,2850065,18664,1691596,12576299
2026-03-01T10:31:42Z,2850108,18665,1693000,12578879
2026-03-01T11:26:18Z,2850147,18665,1694472,12581437
2026-03-01T13:01:45Z,2850213,18666,1696638,12585371
2026-03-01T14:30:11Z,2850304,18667,1699146,12589418
2026-03-01T15:30:07Z,2850362,18667,1700693,12592088
2026-03-01T16:36:29Z,2850414,18670,1702164,12594951
2026-03-01T17:27:33Z,2850476,18671,1703741,12597640
2026-03-01T18:42:07Z,2850518,18675,1705247,12600411
2026-03-01T19:27:46Z,2850570,18679,1706738,12603046
2026-03-01T20:34:30Z,2850599,18679,1708156,12605888
2026-03-01T21:29:11Z,2850643,18680,1709708,12608912
2026-03-01T22:30:54Z,2850686,18681,1711161,12611779
2026-03-01T23:30:49Z,2850721,18682,1712683,12614461
2026-03-02T02:40:16Z,2850835,18682,1717334,12623527
2026-03-02T04:52:52Z,2850961,18691,1720924,12630616
2026-03-02T05:57:09Z,2850998,18692,1722505,12633434
2026-03-02T07:10:35Z,2851049,18692,1723932,12636243
2026-03-02T08:54:19Z,2851136,18693,1726892,12641861
2026-03-02T09:57:57Z,2851185,18698,1728475,12644646
2026-03-02T10:55:35Z,2851230,18699,1729862,12647362
2026-03-02T11:35:35Z,2851249,18701,1730552,12648763
2026-03-02T13:13:24Z,2851307,18703,1732703,12652965
2026-03-02T14:50:23Z,2851385,18706,1735459,12658406
2026-03-02T15:48:47Z,2851431,18706,1736787,12660895
2026-03-02T16:57:26Z,2851481,18707,1738239,12663834
2026-03-02T17:53:29Z,2851524,18708,1739790,12666502
2026-03-02T18:57:47Z,2851560,18709,1741446,12669359
2026-03-02T19:42:13Z,2851578,18709,1742207,12670877
2026-03-02T20:46:29Z,2851632,18714,1744598,12675005
2026-03-02T21:39:56Z,2851643,18714,1745303,12676397
2026-03-02T22:34:09Z,2851675,18714,1746853,12679371
2026-03-02T23:33:11Z,2851700,18714,1748342,12682075
2026-03-03T02:42:45Z,2851817,18718,1752849,12691009
2026-03-03T04:51:34Z,2851936,18720,1756680,12698522
2026-03-03T05:54:53Z,2851985,18721,1758134,12701460
2026-03-03T07:01:13Z,2852030,18721,1759727,12704205
2026-03-03T08:51:56Z,2852128,18727,1762670,12709248
2026-03-03T09:52:09Z,2852178,18728,1764090,12711789
2026-03-03T10:49:59Z,2852217,18732,1765641,12714269
2026-03-03T11:38:30Z,2852241,18734,1766327,12715582
2026-03-03T13:11:47Z,2852304,18736,1768590,12719452
2026-03-03T14:52:06Z,2852389,18738,1771458,12724406
2026-03-03T15:53:02Z,2852436,18739,1772897,12726999
2026-03-03T16:57:13Z,2852478,18740,1774377,12729592
2026-03-03T17:52:11Z,2852524,18742,1775829,12732322
2026-03-03T19:00:59Z,2852551,18742,1777451,12734792
2026-03-03T19:45:13Z,2852565,18742,1778241,12736111
2026-03-03T20:43:59Z,2852607,18742,1779934,12738661
2026-03-03T21:39:39Z,2852650,18743,1781708,12741278
2026-03-03T22:36:04Z,2852682,18744,1783283,12743826
2026-03-03T23:33:44Z,2852705,18745,1784983,12746256
2026-03-04T02:34:52Z,2852800,18746,1789286,12754851
2026-03-04T04:45:33Z,2852870,18746,1792001,12760693
2026-03-04T05:50:11Z,2852915,18747,1793965,12764780
2026-03-04T06:57:40Z,2852951,18747,1795189,12767240
2026-03-04T07:43:32Z,2852969,18748,1795826,12768659
2026-03-04T08:49:29Z,2853030,18749,1797504,12772385
2026-03-04T09:50:17Z,2853062,18750,1798680,12775051
2026-03-04T10:44:26Z,2853079,18750,1799310,12776305
2026-03-04T11:36:14Z,2853121,18751,1800657,12778789
2026-03-04T13:10:31Z,2853176,18752,1802539,12782391
2026-03-04T14:42:14Z,2853234,18752,1804551,12786082
2026-03-04T15:51:10Z,2853289,18753,1806559,12789421
2026-03-04T16:55:32Z,2853328,18754,1807865,12792034
2026-03-04T17:46:01Z,2853349,18754,1808583,12793427
2026-03-04T18:59:42Z,2853386,18754,1810511,12797334
2026-03-04T19:46:30Z,2853397,18755,1811338,12798658
2026-03-04T20:37:56Z,2853436,18756,1812836,12801302
2026-03-04T21:40:26Z,2853465,18756,1814434,12804041
2026-03-04T22:38:13Z,2853508,18756,1815891,12806648
2026-03-04T23:36:39Z,2853741,18757,1817292,12809031
2026-03-05T02:38:32Z,2854615,18760,1821665,12817035
2026-03-05T04:50:02Z,2854765,18762,1825185,12824102
2026-03-05T05:53:58Z,2854807,18762,1826587,12826785
2026-03-05T07:01:25Z,2854849,18763,1828295,12829456
2026-03-05T08:53:15Z,2854916,18767,1831392,12834663
2026-03-05T09:53:27Z,2854962,18768,1832775,12837245
2026-03-05T10:50:15Z,2855015,18769,1834397,12839688
2026-03-05T11:38:50Z,2855038,18769,1835089,12840940
2026-03-05T13:14:30Z,2855083,18770,1837338,12844791
2026-03-05T14:53:15Z,2855150,18774,1840355,12850337
2026-03-05T15:55:38Z,2855181,18775,1841689,12852961
2026-03-05T18:11:16Z,2855261,18776,1844703,12858629
2026-03-05T19:55:24Z,2855080,18778,1847437,12863894
2026-03-05T20:45:46Z,2855098,18778,1848114,12865248
2026-03-05T21:42:15Z,2855117,18778,1849437,12867672
2026-03-05T22:38:33Z,2855147,18779,1850799,12870116
2026-03-05T23:54:47Z,2855184,18779,1852703,12873876
2026-03-06T02:35:38Z,2855147,18779,1856085,12881223
2026-03-06T04:46:28Z,2855281,18781,1858658,12886823
2026-03-06T05:51:16Z,2855323,18781,1860540,12891099
2026-03-06T06:59:22Z,2855350,18781,1861870,12893849
2026-03-06T07:47:05Z,2855369,18781,1862529,12895309
2026-03-06T08:48:29Z,2855407,18781,1863942,12897980
2026-03-06T09:49:08Z,2855444,18781,1865281,12900429
2026-03-06T10:42:45Z,2855485,18783,1866609,12903017
2026-03-06T11:35:25Z,2855514,18783,1867858,12905624
2026-03-06T13:09:55Z,2855562,18783,1869831,12909722
2026-03-06T14:42:33Z,2855625,18784,1871903,12914168
2026-03-06T15:44:55Z,2855674,18785,1873287,12917020
2026-03-06T16:51:33Z,2855750,18787,1875326,12921402
2026-03-06T17:40:22Z,2855767,18787,1876043,12922925
2026-03-06T18:55:49Z,2855824,18790,1877953,12927052
2026-03-06T19:38:44Z,2855835,18791,1878578,12928535
2026-03-06T20:39:10Z,2855871,18791,1880039,12931725
2026-03-06T21:35:33Z,2855893,18792,1881249,12934747
2026-03-06T22:35:38Z,2855916,18794,1882519,12937480
2026-03-06T23:33:46Z,2855949,18794,1883689,12940063
2026-03-07T02:29:08Z,2856052,18795,1887543,12949254
2026-03-07T04:25:18Z,2856123,18797,1890076,12955380
2026-03-07T05:41:21Z,2856160,18797,1891353,12958355
2026-03-07T06:51:38Z,2856214,18799,1893281,12962519
2026-03-07T07:34:12Z,2856228,18800,1893910,12963999
2026-03-07T08:38:44Z,2856255,18801,1895240,12966793
2026-03-07T09:35:36Z,2856291,18802,1896482,12969643
2026-03-07T10:30:36Z,2856330,18802,1897754,12972309
2026-03-07T11:26:22Z,2856362,18802,1898982,12975028
2026-03-07T13:00:21Z,2856437,18802,1900857,12979096
2026-03-07T14:30:05Z,2856493,18803,1902781,12982937
2026-03-07T15:29:54Z,2856523,18805,1904005,12985208
2026-03-07T16:35:34Z,2856567,18807,1905296,12987623
2026-03-07T17:27:28Z,2856608,18809,1906554,12989958
2026-03-07T18:41:58Z,2856649,18809,1907868,12992412
2026-03-07T19:27:09Z,2856694,18809,1909102,12994736
2026-03-07T20:32:53Z,2856722,18809,1910389,12997194
2026-03-07T21:27:47Z,2856754,18809,1911619,12999775
2026-03-07T22:30:03Z,2856768,18809,1912817,13002271
2026-03-07T23:29:25Z,2856792,18809,1913945,13004345
2026-03-08T02:42:09Z,2856869,18811,1917742,13012180
2026-03-08T04:48:10Z,2856938,18812,1920201,13017547
2026-03-08T05:49:16Z,2856967,18814,1921430,13020026
2026-03-08T06:53:22Z,2857038,18814,1923144,13023773
2026-03-08T07:34:56Z,2857051,18814,1923735,13025174
2026-03-08T08:38:57Z,2857084,18819,1925002,13027798
2026-03-08T09:36:06Z,2857121,18819,1926255,13030635
2026-03-08T10:32:04Z,2857155,18819,1927544,13033185
2026-03-08T11:26:56Z,2857183,18819,1928783,13035645
2026-03-08T13:01:58Z,2857230,18822,1930681,13039685
2026-03-08T14:30:59Z,2857294,18823,1932588,13043700
2026-03-08T15:30:30Z,2857343,18825,1933891,13046140
2026-03-08T16:37:17Z,2857399,18826,1935184,13048857
2026-03-08T17:28:33Z,2857438,18827,1936485,13051507
2026-03-08T18:43:19Z,2857463,18829,1937679,13053996
2026-03-08T20:34:06Z,2857513,18829,1940214,13059162
2026-03-08T21:29:55Z,2857537,18833,1941454,13061796
2026-03-08T22:30:56Z,2857558,18834,1942620,13064270
2026-03-08T23:30:54Z,2857582,18834,1943832,13066723
2026-03-09T02:43:42Z,2857656,18836,1947198,13074951
2026-03-09T04:57:39Z,2857771,18836,1950203,13081894
2026-03-09T06:04:50Z,2857804,18836,1951359,13084274
2026-03-09T07:52:37Z,2857866,18837,1953487,13088653
2026-03-09T08:53:50Z,2857910,18838,1954872,13091468
2026-03-09T09:59:28Z,2857938,18838,1956000,13093858
2026-03-09T10:57:48Z,2857977,18838,1957193,13096103
2026-03-09T11:40:46Z,2857999,18839,1957766,13097391
2026-03-09T13:18:11Z,2858056,18841,1959566,13100989
2026-03-09T14:58:21Z,2858149,18842,1961873,13105945
2026-03-09T16:07:08Z,2858188,18844,1963049,13108586
2026-03-09T17:51:11Z,2858252,18846,1965540,13113804
2026-03-09T19:01:21Z,2858285,18846,1966741,13116130
2026-03-09T20:41:06Z,2858316,18847,1968545,13119818
2026-03-09T21:39:01Z,2858355,18848,1969712,13122198
2026-03-09T22:35:51Z,2858375,18852,1970810,13124571
2026-03-09T23:34:07Z,2858393,18854,1971958,13126970
2026-03-10T02:34:38Z,2858470,18856,1975366,13135177
2026-03-10T04:46:42Z,2858540,18856,1977424,13140899
2026-03-10T05:51:54Z,2858599,18857,1978923,13144595
2026-03-10T06:59:52Z,2858628,18857,1980315,13147204
2026-03-10T07:50:32Z,2858649,18857,1980861,13148688
2026-03-10T08:53:20Z,2858733,18861,1982680,13152676
2026-03-10T09:53:20Z,2858777,18862,1983704,13155275
2026-03-10T10:50:11Z,2858797,18862,1984250,13156640
2026-03-10T11:37:48Z,2858834,18862,1985668,13159099
2026-03-10T13:15:54Z,2858873,18863,1987547,13162811
2026-03-10T14:56:28Z,2858981,18864,1990049,13167865
2026-03-10T16:07:11Z,2859060,18865,1991311,13170624
2026-03-10T17:51:46Z,2859241,18969,1994149,13175795
2026-03-10T18:58:44Z,2859315,19108,1995607,13178390
2026-03-10T19:44:54Z,2859354,19108,1996114,13179497
2026-03-10T20:40:52Z,2859442,19144,1997127,13181974
2026-03-10T21:34:47Z,2859511,19144,1998542,13184297
2026-03-10T22:35:06Z,2859575,19146,1999572,13186594
2026-03-10T23:33:42Z,2859667,19147,2000950,13188667
2026-03-11T02:33:50Z,2859925,19236,2004397,13196020
2026-03-11T04:47:52Z,2860103,19240,2006786,13201013
2026-03-11T05:54:34Z,2860229,19241,2008535,13204337
2026-03-11T07:03:02Z,2860399,19241,2009689,13206668
2026-03-11T08:52:34Z,2860538,19241,2012158,13211461
2026-03-11T09:52:01Z,2860619,19242,2013484,13214014
2026-03-11T10:49:54Z,2860669,19242,2014023,13215317
2026-03-11T11:38:10Z,2860749,19242,2015401,13217861
2026-03-11T13:15:27Z,2860868,19244,2017177,13221425
2026-03-11T14:53:35Z,2861054,19246,2019950,13226161
2026-03-11T15:55:22Z,2861136,19250,2021120,13228455
2026-03-11T17:01:26Z,2861208,19251,2022224,13231051
2026-03-11T19:00:59Z,2861327,19255,2024581,13235835
2026-03-11T20:40:04Z,2861407,19285,2026410,13239386
2026-03-11T21:39:16Z,2861474,19286,2027543,13241772
2026-03-11T22:33:04Z,2861510,19291,2028688,13244053
2026-03-11T23:32:34Z,2861549,19293,2029842,13246203
2026-03-12T02:40:05Z,2861704,19296,2033143,13253646
2026-03-12T04:52:21Z,2861826,19297,2035393,13259070
2026-03-12T05:56:23Z,2862041,19300,2037006,13263069
2026-03-12T07:07:35Z,2862099,19304,2038170,13265670
2026-03-12T08:53:12Z,2862205,19307,2039945,13269556
2026-03-12T09:52:15Z,2862274,19313,2040995,13271863
2026-03-12T10:49:13Z,2862332,19313,2042000,13274157
2026-03-12T11:35:52Z,2862395,19316,2043105,13276420
2026-03-12T13:15:47Z,2862472,19319,2044889,13279846
2026-03-12T14:56:06Z,2862607,19322,2047338,13284694
2026-03-12T16:06:59Z,2862682,19329,2048523,13287066
2026-03-12T17:52:57Z,2862778,19332,2050440,13290623
2026-03-12T19:02:09Z,2862840,19336,2052216,13294161
2026-03-12T20:42:05Z,2862916,19339,2054055,13297689
2026-03-12T21:39:37Z,2862966,19346,2055247,13299904
2026-03-12T22:33:15Z,2863000,19553,2056467,13302225
2026-03-12T23:34:17Z,2863048,19554,2057609,13304570
2026-03-13T02:37:50Z,2863208,19587,2061105,13312281
2026-03-13T04:49:30Z,2863307,19589,2063328,13317615
2026-03-13T05:54:26Z,2863376,19590,2065067,13321579
2026-03-13T07:03:25Z,2863428,19591,2066006,13324206
2026-03-13T08:51:05Z,2863490,19593,2067430,13328038
2026-03-13T09:48:48Z,2863535,19593,2068372,13330468
2026-03-13T10:45:31Z,2863574,19593,2069335,13332823
2026-03-13T11:36:15Z,2863650,19593,2070351,13335643
2026-03-13T13:13:43Z,2863714,19594,2072044,13339388
2026-03-13T14:50:25Z,2863791,19596,2073676,13343304
2026-03-13T15:50:34Z,2863835,19597,2074881,13345910
2026-03-13T16:50:06Z,2863915,19599,2076003,13348640
2026-03-13T17:40:19Z,2863966,19601,2076949,13351054
2026-03-13T18:52:35Z,2864004,19601,2077747,13353756
2026-03-13T19:35:56Z,2864034,19602,2078594,13356299
2026-03-13T20:42:22Z,2864513,19602,2079373,13358829
2026-03-13T21:39:01Z,2864803,19603,2080262,13361257
2026-03-13T22:34:14Z,2864895,19604,2080992,13363659
2026-03-13T23:35:21Z,2864937,19605,2081856,13366153
2026-03-14T02:35:42Z,2865045,19610,2084461,13374701
2026-03-14T04:47:39Z,2865132,19614,2085836,13380361
2026-03-14T05:52:05Z,2865174,19614,2086685,13382922
2026-03-14T06:57:03Z,2865233,19617,2088232,13386755
2026-03-14T07:40:25Z,2865255,19617,2088773,13388101
2026-03-14T08:43:02Z,2865303,19619,2089781,13390769
2026-03-14T09:39:46Z,2865347,19619,2090861,13393616
2026-03-14T10:35:12Z,2865389,19620,2091776,13396633
2026-03-14T11:30:33Z,2865416,19620,2092599,13399396
2026-03-14T13:05:51Z,2865480,19621,2093900,13403655
2026-03-14T14:35:17Z,2865560,19622,2095168,13407988
2026-03-14T15:34:12Z,2865602,19624,2096114,13410708
2026-03-14T16:39:09Z,2865676,19625,2096973,13413501
2026-03-14T17:32:37Z,2865726,19626,2097931,13416209
2026-03-14T18:49:18Z,2865772,19640,2098767,13418808
2026-03-14T19:33:07Z,2865820,19642,2099650,13421677
2026-03-14T20:36:01Z,2865856,19644,2100497,13424703
2026-03-14T21:32:15Z,2865886,19646,2101389,13427579
2026-03-14T22:33:18Z,2865923,19648,2102146,13429977
2026-03-14T23:33:50Z,2865949,19651,2102954,13432445
2026-03-15T02:56:37Z,2866089,19660,2105834,13442543
2026-03-15T05:11:57Z,2866231,19663,2107470,13448577
2026-03-15T07:06:39Z,2866304,19664,2109064,13454138
2026-03-15T08:45:58Z,2866355,19665,2110211,13458216
2026-03-15T09:41:03Z,2866378,19667,2111059,13461080
2026-03-15T10:37:53Z,2866404,19667,2111877,13463898
2026-03-15T11:32:04Z,2866441,19672,2112715,13466489
2026-03-15T13:06:20Z,2866587,19673,2113923,13470718
2026-03-15T14:36:52Z,2866694,19676,2115289,13475159
2026-03-15T15:35:00Z,2866761,19687,2116141,13477930
2026-03-15T16:39:53Z,2866895,19687,2116989,13480753
2026-03-15T17:34:17Z,2866945,19689,2117891,13483674
2026-03-15T18:50:11Z,2866998,19691,2118697,13486524
2026-03-15T19:33:34Z,2867059,19692,2119510,13489266
2026-03-15T20:37:04Z,2867108,19696,2120265,13492083
2026-03-15T21:33:31Z,2867173,19698,2121153,13494891
2026-03-15T22:35:04Z,2867212,19701,2121950,13497624
2026-03-15T23:35:41Z,2867290,19703,2122832,13500215
2026-03-16T02:56:58Z,2867478,19706,2125644,13510098
2026-03-16T05:23:24Z,2867554,19707,2127305,13515560
2026-03-16T07:27:19Z,2867642,19718,2129374,13522161
2026-03-16T09:05:19Z,2867725,19720,2130625,13526128
2026-03-16T11:00:15Z,2867801,19722,2132346,13531290
2026-03-16T13:27:21Z,2867900,19728,2134507,13537955
2026-03-16T15:07:01Z,2867954,19730,2135831,13542175
2026-03-16T17:09:43Z,2868061,19732,2137607,13547585
2026-03-16T19:12:51Z,2868149,19734,2139421,13552901
2026-03-16T20:46:24Z,2868204,19736,2140750,13557217
2026-03-16T21:47:29Z,2868236,19736,2141584,13559848
2026-03-16T22:40:41Z,2868269,19739,2142456,13562458
2026-03-16T23:36:38Z,2868315,19741,2143299,13565080
2026-03-17T02:39:57Z,2868568,19745,2145915,13571442
2026-03-17T04:57:32Z,2868676,19748,2147629,13576703
2026-03-17T06:06:08Z,2868733,19748,2148821,13580068
2026-03-17T07:57:09Z,2868810,19749,2150288,13583813
2026-03-17T09:02:25Z,2868860,19750,2151531,13586873
2026-03-17T10:56:54Z,2868955,19751,2152795,13590015
2026-03-17T11:49:11Z,2868989,19751,2153182,13590002
2026-03-17T13:25:28Z,2869059,19756,2154416,13592897
2026-03-17T15:03:24Z,2869128,19817,2155590,13596634
2026-03-17T17:10:13Z,2869212,19823,2157834,13603363
2026-03-17T19:11:43Z,2869280,19826,2159648,13608017
2026-03-17T20:48:37Z,2869334,19829,2161064,13612143
2026-03-17T21:45:13Z,2869362,19829,2161892,13614647
2026-03-17T22:39:49Z,2869392,19829,2162749,13617248
2026-03-17T23:38:22Z,2869421,19831,2163573,13619970
2026-03-18T02:46:18Z,2869521,19832,2166232,13628482
2026-03-18T05:02:01Z,2869581,19833,2167939,13634490
2026-03-18T07:10:34Z,2869681,19834,2170000,13641257
2026-03-18T08:58:43Z,2869740,19837,2171389,13645579
2026-03-18T10:05:35Z,2869807,19840,2172640,13649846
2026-03-18T11:50:29Z,2869873,19842,2174057,13654269
2026-03-18T13:27:09Z,2869928,19845,2175334,13658291
2026-03-18T15:11:19Z,2870024,19850,2177053,13663909
2026-03-18T17:09:50Z,2870089,19863,2178829,13669744
2026-03-18T19:11:02Z,2870151,19870,2180578,13675445
2026-03-18T20:45:53Z,2870210,19871,2181945,13679461
2026-03-18T21:40:57Z,2870231,19873,2182878,13682064
2026-03-18T22:37:43Z,2870268,19876,2183743,13684721
2026-03-18T23:35:38Z,2870276,19876,2184156,13686005
2026-03-19T02:47:57Z,2870377,19880,2186998,13696629
2026-03-19T04:59:11Z,2870449,19880,2188678,13702687
2026-03-19T06:06:10Z,2870496,19881,2189983,13706805
2026-03-19T07:51:06Z,2870559,19883,2191339,13710775
2026-03-19T08:52:42Z,2870589,19883,2192234,13713524
2026-03-19T09:53:48Z,2870617,19887,2193115,13716124
2026-03-19T10:50:33Z,2870648,19887,2193989,13717779
2026-03-19T11:40:20Z,2870677,19887,2194851,13720413
2026-03-19T13:20:11Z,2870724,19888,2196249,13724227
2026-03-19T14:55:08Z,2870779,19891,2197640,13728413
2026-03-19T16:00:20Z,2870829,19891,2198550,13731060
2026-03-19T17:54:20Z,2870945,19895,2200418,13736095
2026-03-19T19:06:53Z,2870992,19899,2201657,13739791
2026-03-19T20:47:57Z,2871055,19904,2202944,13743939
2026-03-19T21:41:39Z,2871083,19905,2203780,13746701
2026-03-19T22:35:17Z,2871099,19905,2204132,13747904
2026-03-19T23:35:45Z,2871126,19906,2204984,13750380
2026-03-20T02:38:35Z,2871218,19910,2207917,13759772
2026-03-20T04:51:59Z,2871279,19914,2209553,13765596
2026-03-20T05:56:58Z,2871305,19915,2210315,13768360
2026-03-20T07:07:33Z,2871359,19916,2211500,13772248
2026-03-20T08:51:31Z,2871419,19917,2212785,13776370
2026-03-20T09:51:24Z,2871445,19919,2213604,13779031
2026-03-20T10:46:40Z,2871474,19919,2214386,13781568
2026-03-20T11:36:45Z,2871490,19920,2215190,13784322
2026-03-20T13:13:21Z,2871541,19921,2216334,13788372
2026-03-20T14:50:34Z,2871581,19923,2217628,13792908
2026-03-20T15:50:39Z,2871617,19926,2218430,13795970
2026-03-20T16:53:23Z,2871655,19927,2219323,13798893
2026-03-20T17:39:53Z,2871690,19931,2220245,13801854
2026-03-20T18:58:37Z,2871718,19933,2221026,13804635
2026-03-20T19:41:58Z,2871739,19933,2221866,13807388
2026-03-20T20:40:19Z,2871779,19935,2222638,13810032
2026-03-20T21:36:31Z,2871793,19935,2223010,13811303
2026-03-20T22:35:32Z,2871810,19935,2223806,13814258
2026-03-20T23:35:19Z,2871831,19936,2224526,13816931
2026-03-21T02:32:16Z,2871897,19940,2227047,13825853
2026-03-21T04:42:01Z,2871971,19944,2229211,13833512
2026-03-21T05:46:54Z,2872004,19944,2230074,13836203
2026-03-21T06:54:27Z,2872033,19944,2230872,13838905
2026-03-21T07:37:01Z,2872048,19945,2231215,13840080
2026-03-21T08:41:02Z,2872088,19946,2232563,13844432
2026-03-21T09:38:21Z,2872112,19948,2233451,13847127
2026-03-21T10:34:26Z,2872122,19949,2233853,13848420
2026-03-21T11:28:38Z,2872152,19951,2234655,13851214
2026-03-21T13:02:43Z,2872193,19952,2235970,13855502
2026-03-21T14:33:18Z,2872235,19954,2237223,13860106
2026-03-21T15:32:20Z,2872277,19955,2238095,13863339
2026-03-21T16:37:29Z,2872313,20181,2239031,13866495
2026-03-21T17:31:09Z,2872349,20233,2239912,13869755
2026-03-21T18:45:28Z,2872403,20235,2241279,13874299
2026-03-21T19:30:28Z,2872427,20236,2241650,13875679
2026-03-21T20:34:29Z,2872458,20236,2242526,13878333
2026-03-21T21:31:22Z,2872493,20236,2243435,13881155
2026-03-21T22:32:06Z,2872521,20239,2244354,13883984
2026-03-21T23:31:51Z,2872535,20242,2245184,13886675
2026-03-22T02:48:32Z,2872628,20253,2248356,13897181
2026-03-22T04:57:41Z,2872689,20256,2250298,13903678
2026-03-22T06:00:07Z,2872720,20256,2251122,13906313
2026-03-22T07:40:40Z,2872773,20258,2252831,13911884
2026-03-22T08:42:08Z,2872811,20258,2253763,13914607
2026-03-22T09:39:29Z,2872827,20258,2254221,13916131
2026-03-22T10:34:44Z,2872853,20259,2255132,13918728
2026-03-22T11:29:28Z,2872887,20260,2255985,13921548
2026-03-22T13:04:52Z,2872928,20261,2257336,13925144
2026-03-22T14:34:36Z,2872978,20261,2258743,13929377
2026-03-22T15:32:27Z,2873028,20265,2259656,13932279
2026-03-22T16:38:26Z,2873058,20269,2260615,13935378
2026-03-22T17:31:27Z,2873100,20269,2261531,13938292
2026-03-22T18:47:03Z,2873158,20270,2262823,13942379
2026-03-22T19:31:55Z,2873175,20271,2263288,13944044
2026-03-22T20:35:48Z,2873215,20273,2264213,13947062
2026-03-22T21:32:26Z,2873244,20274,2264997,13949962
2026-03-22T22:32:43Z,2873258,20274,2265883,13952783
2026-03-22T23:34:46Z,2873293,20274,2266744,13955412
2026-03-23T02:48:41Z,2873405,20276,2269930,13965737
2026-03-23T05:08:43Z,2873456,20278,2271618,13971523
2026-03-23T07:20:07Z,2873539,20278,2273756,13978545
2026-03-23T09:05:12Z,2873593,20279,2275108,13983110
2026-03-23T10:58:16Z,2873648,20280,2276889,13989546
2026-03-23T11:50:43Z,2873664,20281,2277697,13992263
2026-03-23T13:22:03Z,2873702,20282,2279094,13996690
2026-03-23T15:02:27Z,2873733,20283,2280393,14000841
2026-03-23T17:00:11Z,2873794,20285,2282133,14006535
2026-03-23T19:02:54Z,2873856,20289,2283936,14011621
2026-03-23T20:42:39Z,2873892,20290,2285141,14016033
2026-03-23T21:43:15Z,2873919,20290,2286361,14020116
2026-03-23T22:39:11Z,2873932,20290,2286797,14021566
2026-03-23T23:38:48Z,2873952,20290,2287635,14024229
2026-03-24T02:40:21Z,2874026,20291,2290259,14033433
2026-03-24T04:59:12Z,2874074,20295,2292342,14040952
2026-03-24T06:08:30Z,2874096,20296,2293069,14043499
2026-03-24T07:57:18Z,2874153,20297,2294724,14048789
2026-03-24T09:02:41Z,2874183,20297,2295566,14051475
2026-03-24T10:57:03Z,2874237,20297,2297257,14056874
2026-03-24T11:50:57Z,2874267,20297,2298113,14059737
2026-03-24T13:25:52Z,2874317,20300,2299478,14064188
2026-03-24T15:05:11Z,2874405,20303,2300728,14068410
2026-03-24T17:06:57Z,2874482,20305,2302374,14073836
2026-03-24T19:13:09Z,2874528,20308,2303924,14079430
2026-03-24T20:50:09Z,2874569,20309,2305422,14084883
2026-03-24T21:43:54Z,2874584,20309,2305846,14086512
2026-03-24T22:38:44Z,2874612,20310,2306617,14089555
2026-03-24T23:37:53Z,2874634,20310,2307441,14092341
2026-03-25T02:45:36Z,2874708,20313,2309792,14100650
2026-03-25T04:59:56Z,2874784,20318,2311703,14107410
2026-03-25T06:10:36Z,2874801,20318,2312475,14110144
2026-03-25T07:56:54Z,2874845,20320,2314138,14115348
2026-03-25T09:02:06Z,2874871,20321,2314958,14118039
2026-03-25T10:54:59Z,2874923,20323,2316554,14123277
2026-03-25T11:46:44Z,2874941,20323,2316995,14124693
2026-03-25T13:24:58Z,2874982,20326,2318560,14130131
2026-03-25T15:06:49Z,2875033,20328,2319692,14133843
2026-03-25T17:11:13Z,2875104,20334,2321360,14139535
2026-03-25T19:04:04Z,2875131,20335,2322750,14144029
2026-03-25T20:48:33Z,2875165,20335,2323706,14146709
2026-03-25T21:47:46Z,2875182,20335,2324386,14148762
2026-03-25T22:43:59Z,2875199,20336,2325067,14151077
2026-03-25T23:41:04Z,2875228,20336,2325783,14153467
2026-03-26T02:52:14Z,2875289,20337,2328193,14161934
2026-03-26T05:11:24Z,2875351,20343,2330199,14169507
2026-03-26T07:18:40Z,2875402,20343,2331719,14174872
2026-03-26T09:05:00Z,2875455,20344,2333246,14180089
2026-03-26T10:59:17Z,2875502,20344,2334564,14184341
2026-03-26T11:56:18Z,2875509,20344,2334769,14184974
2026-03-26T13:48:54Z,2875549,20345,2335977,14189342
2026-03-26T15:12:41Z,2875566,20345,2336652,14191512
2026-03-26T17:10:39Z,2875605,20347,2337680,14195059
2026-03-26T19:16:51Z,2875633,20347,2338501,14197781
2026-03-26T20:41:08Z,2875657,20347,2339529,14201257
2026-03-26T21:37:09Z,2875663,20347,2339841,14202230
2026-03-26T22:37:07Z,2875682,20427,2340533,14204298
2026-03-26T23:38:44Z,2875705,20433,2341210,14206813
2026-03-27T02:54:39Z,2875768,20434,2343288,14213775
2026-03-27T05:12:53Z,2875845,20455,2345072,14219835
2026-03-27T07:17:27Z,2875882,20470,2346177,14223259
2026-03-27T09:00:58Z,2875903,20471,2347073,14225975
2026-03-27T10:54:35Z,2875925,20471,2347557,14227279
2026-03-27T11:46:11Z,2875946,20471,2347942,14228299
2026-03-27T13:20:05Z,2875949,20471,2348036,14228544
2026-03-27T14:57:21Z,2875967,20471,2348698,14230408
2026-03-27T16:00:20Z,2875983,20471,2349106,14231817
2026-03-27T17:52:28Z,2876003,20471,2349665,14233343
2026-03-27T19:03:21Z,2876014,20471,2349775,14233683
2026-03-27T20:47:41Z,2876037,20471,2350388,14235334
2026-03-27T21:41:58Z,2876055,20472,2350844,14236548
2026-03-27T22:39:24Z,2876071,20472,2351163,14237666
2026-03-27T23:39:04Z,2876085,20472,2351476,14238567
2026-03-28T02:44:11Z,2876131,20475,2353225,14244435
2026-03-28T04:58:39Z,2876178,20475,2354734,14249876
2026-03-28T06:04:43Z,2876195,20475,2355368,14252233
2026-03-28T07:48:10Z,2876200,20475,2355368,14252233
2026-03-28T08:50:00Z,2876212,20475,2355804,14253502
2026-03-28T09:44:25Z,2876227,20475,2356014,14254249
2026-03-28T10:38:31Z,2876232,20475,2356167,14254758
2026-03-28T11:33:59Z,2876249,20475,2356641,14256551
2026-03-28T13:08:02Z,2876344,20475,2357335,14258812
2026-03-28T14:37:36Z,2876389,20475,2358110,14261550
2026-03-28T15:37:21Z,2876423,20475,2358457,14262334
2026-03-28T16:41:11Z,2876442,20476,2358725,14263071
2026-03-28T17:35:34Z,2876446,20476,2358792,14263259
2026-03-28T18:51:37Z,2876491,20476,2359155,14264269
2026-03-28T19:35:00Z,2876499,20476,2359230,14264624
2026-03-28T20:38:40Z,2876520,20477,2359843,14266597
2026-03-28T21:36:03Z,2876543,20477,2360267,14268048
2026-03-28T22:35:45Z,2876553,20477,2360424,14268552
2026-03-28T23:37:26Z,2876567,20477,2360947,14270110
2026-03-29T03:17:18Z,2876653,20479,2362993,14277132
2026-03-29T05:45:16Z,2876690,20479,2364149,14281142
2026-03-29T07:12:59Z,2876720,20480,2365127,14284377
2026-03-29T08:50:24Z,2876736,20481,2365662,14286626
2026-03-29T09:44:49Z,2876736,20481,2365666,14286631
2026-03-29T10:41:19Z,2876746,20481,2365756,14286930
2026-03-29T11:35:02Z,2876754,20481,2365966,14287529
2026-03-29T13:09:11Z,2876755,20481,2365966,14287529
2026-03-29T14:39:09Z,2876779,20481,2366604,14289976
2026-03-29T15:38:28Z,2876802,20482,2367174,14291995
2026-03-29T16:41:54Z,2876820,20482,2367522,14293536
2026-03-29T17:37:49Z,2876821,20482,2367522,14293536
2026-03-29T18:53:21Z,2876821,20482,2367522,14293536
2026-03-29T19:36:46Z,2876823,20482,2367525,14293539
2026-03-29T20:40:02Z,2876824,20482,2367525,14293539
2026-03-29T21:38:42Z,2876825,20482,2367525,14293539
2026-03-29T22:37:48Z,2876826,20482,2367602,14293818
2026-03-29T23:39:32Z,2876837,20482,2367689,14294146
2026-03-30T03:20:09Z,2876923,20483,2370331,14304545
2026-03-30T06:01:31Z,2876992,20484,2372049,14311877
2026-03-30T08:23:36Z,2877051,20486,2373594,14318418
2026-03-30T10:21:53Z,2877100,20487,2375181,14324638
2026-03-30T11:56:34Z,2877135,20488,2376196,14328628
2026-03-30T13:54:32Z,2877177,20490,2377634,14334305
2026-03-30T15:11:01Z,2877203,20492,2378199,14336408
2026-03-30T17:03:25Z,2877273,20495,2379723,14341704
2026-03-30T19:08:42Z,2877336,20497,2381234,14346876
2026-03-30T20:53:42Z,2877386,20504,2382738,14351730
2026-03-30T21:50:05Z,2877414,20504,2383427,14354180
2026-03-30T22:44:14Z,2877433,20504,2384017,14356490
2026-03-30T23:41:41Z,2877464,20504,2384765,14358881
2026-03-31T02:53:44Z,2877544,20506,2386996,14367257
2026-03-31T05:15:25Z,2877603,20510,2388898,14374027
2026-03-31T07:25:35Z,2877636,20512,2390310,14379266
2026-03-31T09:08:56Z,2877660,20513,2391419,14382810
2026-03-31T11:00:34Z,2877716,20514,2392627,14388012
2026-03-31T13:47:23Z,2877776,20516,2394586,14395599
2026-03-31T15:08:43Z,2877795,20516,2395276,14398164
2026-03-31T17:05:53Z,2877855,20516,2396745,14403452
2026-03-31T19:10:49Z,2877889,20516,2398115,14408438
2026-03-31T20:50:41Z,2877921,20519,2399400,14413198
2026-03-31T21:47:25Z,2877945,20522,2400048,14415388
2026-03-31T22:40:24Z,2877957,20522,2400368,14416751
2026-03-31T23:40:02Z,2877986,20523,2400963,14418972
2026-04-01T03:24:24Z,2878063,20525,2403843,14429542
2026-04-01T05:58:48Z,2878107,20526,2405516,14436340
2026-04-01T07:48:05Z,2878139,20527,2406929,14441577
2026-04-01T09:15:02Z,2878167,20527,2407598,14443748
2026-04-01T11:04:11Z,2878214,20527,2408998,14449116
2026-04-01T13:49:55Z,2878286,20530,2410972,14457283
2026-04-01T15:12:26Z,2878339,20530,2412019,14461583
2026-04-01T17:03:15Z,2878395,20534,2413436,14467386
2026-04-01T19:12:09Z,2878442,20534,2414919,14472415
2026-04-01T20:53:30Z,2878471,20535,2415997,14476327
2026-04-01T21:50:22Z,2878495,20535,2416627,14478821
2026-04-01T22:46:39Z,2878517,20536,2417278,14481301
2026-04-01T23:41:33Z,2878533,20536,2417885,14483766
2026-04-02T02:49:57Z,2878599,20538,2419940,14491634
2026-04-02T05:08:25Z,2878640,20542,2421574,14498158
2026-04-02T07:22:13Z,2878680,20542,2422831,14503402
2026-04-02T09:07:02Z,2878723,20543,2424103,14508154
2026-04-02T10:57:57Z,2878744,20544,2425136,14511997
2026-04-02T11:53:04Z,2878771,20544,2425709,14514376
2026-04-02T13:40:51Z,2878835,20546,2427044,14519523
2026-04-02T15:03:12Z,2878950,20547,2428029,14523497
2026-04-02T17:02:19Z,2878984,20550,2429147,14527656
2026-04-02T19:04:30Z,2879040,20550,2430779,14534643
2026-04-02T20:41:34Z,2879067,20550,2431785,14538404
